_TYPE_,ageval2,agepop2020,deaths,death_per1m
1,85 years and over,6658420,276783,41568.870693
1,75-84 years,16451547,273370,16616.674408
1,65-74 years,32549398,240337,7383.7617519
1,50-64 years,62799204,194145,3091.5200772
1,40-49 years,40278494,44500,1104.8079404
1,30-39 years,44666707,18950,424.25334825
1,18-29 years,53258240,6608,124.07469717
1,12-17 years,25135943,507,20.170319451
1,5-11 years,28384878,245,8.6313564568
1,0-4 years,19301292,551,28.547311755
