_TYPE_,ageval3,agepop2020,deaths,death_per1m
1,0-4 years,19301292,442,22.90002141
1,5-11 years,28384878,195,6.869855139
1,12-17 years,25135943,449,17.86286673
1,18-29 years,53258240,6334,118.9299534
1,30-39 years,44666707,18280,409.2533618
1,40-49 years,40278494,43212,1072.830578
1,50-64 years,62799204,188238,2997.458375
1,65-74 years,32549398,231024,7097.642789
1,75-84 years,16451547,259243,15757.97097
1,85 years and over,6658420,257814,38719.99664
