_TYPE_,ageval2,agepop2020,deaths,death_per1m
1,85 years and over,6658420,273690,41104.346076
1,75-84 years,16451547,271060,16476.26208
1,65-74 years,32549398,238781,7335.9574884
1,50-64 years,62799204,193222,3076.8224387
1,40-49 years,40278494,44312,1100.1404372
1,30-39 years,44666707,18863,422.30558881
1,18-29 years,53258240,6558,123.13587531
1,12-17 years,25135943,500,19.891833778
1,5-11 years,28384878,234,8.2438261669
1,0-4 years,19301292,532,27.562921695
