_TYPE_,ageval3,agepop2020,deaths,death_per1m
1,85 years and over,6658420,255194,38326.509893
1,75-84 years,16451547,257058,15625.15671
1,65-74 years,32549398,229252,7043.202458
1,50-64 years,62799204,186910,2976.3116106
1,40-49 years,40278494,42893,1064.9107189
1,30-39 years,44666707,18101,405.24590273
1,18-29 years,53258240,6235,117.07108609
1,12-17 years,25135943,440,17.504813724
1,05-11 years,28384878,187,6.5880149282
1,0-4 years,19301292,403,20.879431284
