_TYPE_,ageval3,agepop2020,deaths,death_per1m
1,85 years and over,6658420,255194,38326.50989
1,75-84 years,16451547,257058,15625.15671
1,65-74 years,32549398,229252,7043.202458
1,50-64 years,62799204,186910,2976.311611
1,40-49 years,40278494,42893,1064.910719
1,30-39 years,44666707,18101,405.2459027
1,18-29 years,53258240,6235,117.0710861
1,12-17 years,25135943,440,17.50481372
1,5-11 years,28384878,187,6.588014928
1,0-4 years,19301292,403,20.87943128
