yyq, Black, White
20201,39.62905116,5.356134706
20202,783.5565857,129.8449748
20203,422.3175121,98.36883519
20204,456.1918496,244.8720968
20211,730.194695,311.1749097
20212,328.5418366,129.3494734
20213,764.8537662,453.8557315
20214,498.6982576,471.1510916
20221,625.301959,434.3188173
20222,9.155226339,9.980814892
